Фамилия;Имя;Отчество;Login;Password;Role
Константинова ;Вероника;Агафоновна;loginDEsgg2018;qhgYnW;1
Меркушев ;Мартын;Федотович;loginDEdcd2018;LxR6YI;2
Казаков ;Федот;Кондратович;loginDEisg2018;Cp8ddU;1
Карпов ;Улеб;Леонидович;loginDEcph2018;7YpE0p;3
Королёв ;Матвей;Вадимович;loginDEgco2018;nMr|ss;2
Юдин ;Герман;Кондратович;loginDEwjg2018;9UfqWQ;2
Беляева ;Анна;Вячеславовна;loginDEjbz2018;xIAWNI;3
Беляев ;Валентин;Артёмович;loginDEmgu2018;0gC3bk;1
Семёнов ;Герман;Дмитрьевич;loginDErdg2018;ni0ue0;1
Шестаков ;Илья;Антонинович;loginDEjtv2018;f2ZaN6;2
Власов ;Вадим;Васильевич;loginDEtfj2018;{{ksPn;2
Савельев ;Арсений;Авксентьевич;loginDEpnb2018;{ADBdc;3
Ефимов ;Руслан;Якунович;loginDEzer2018;5&R+zs;3
Бурова ;Марфа;Федотовна;loginDEiin2018;y9l*b};2
Селезнёв ;Александр;Никитевич;loginDEqda2018;|h+r}I;2
Кулакова ;Виктория;Георгьевна;loginDEbnj2018;#ИМЯ?;2
Дорофеева ;Кира;Демьяновна;loginDEqte2018;dC8bDI;2
Сафонова ;Нинель;Якововна;loginDEfeo2018;8cI7vq;2
Ситникова ;София;Лукьевна;loginDEvni2018;e4pVIv;2
Медведев ;Ириней;Геннадьевич;loginDEjis2018;A9K++2;1
Суханова ;Евгения;Улебовна;loginDExvv2018;R1zh}|;1
Игнатьев ;Владлен;Дамирович;loginDEadl2018;F&IWf4;1
Ефремов ;Христофор;Владиславович;loginDEyzn2018;P1v24R;2
Кошелев ;Ростислав;Куприянович;loginDEphn2018;F}jGsJ;2
Галкина ;Тамара;Авксентьевна;loginDEdvk2018;NKNkup;3
Журавлёва ;Вера;Арсеньевна;loginDEtld2018;c+CECK;1
Савина ;Таисия;Глебовна;loginDEima2018;XK3sOA;3
Иванов ;Яков;Мэлорович;loginDEyfe2018;4Bbzpa;2
Лыткин ;Ким;Алексеевич;loginDEwqc2018;vRtAP*;1
Логинов ;Федот;Святославович;loginDEgtt2018;7YD|BR;1
Русакова ;Марина;Юлиановна;loginDEiwl2018;LhlmIl;1
Константинов ;Пётр;Кондратович;loginDEyvi2018;22beR};3
Поляков ;Анатолий;Игоревич;loginDEtfz2018;uQY0ZQ;2
Панфилова ;Василиса;Григорьевна;loginDEikb2018;*QkUxc;3
Воробьёв ;Герман;Романович;loginDEdmi2018;HOGFbU;2
Андреев ;Ростислав;Федосеевич;loginDEtlo2018;58Jxrg;3
Бобров ;Агафон;Владимирович;loginDEsnd2018;lLHqZf;3
Лапин ;Алексей;Витальевич;loginDEgno2018;4fqLiO;3
Шестаков ;Авдей;Иванович;loginDEgnl2018;wdio{u;2
Гаврилова ;Алина;Эдуардовна;loginDEzna2018;yz1iMB;2
Жуков ;Юлиан;Валерьянович;loginDEsyh2018;&4jYGs;1
Пономарёв ;Максим;Альвианович;loginDExex2018;rnh36{;2
Зиновьева ;Мария;Лаврентьевна;loginDEdjm2018;KjI1JR;1
Осипов ;Артём;Мэлорович;loginDEgup2018;36|KhF;2
Лапин ;Вячеслав;Геласьевич;loginDEdat2018;ussd8Q;3
Зуев ;Ириней;Вадимович;loginDEffj2018;cJP+HC;2
Коновалова ;Агафья;Митрофановна;loginDEisp2018;dfz5Ii;1
Исаев ;Дмитрий;Аристархович;loginDEfrp2018;6dcR|9;1
Белозёрова ;Алевтина;Лаврентьевна;loginDEaee2018;5&qONH;2
Самсонов ;Агафон;Максимович;loginDEthu2018;|0xWzV;2
